Workbook

Sheet Lernzeiten
A1: 📚 Lernzeiten Tracker
A3: Datum | B3: Startzeit | C3: Endzeit | D3: Stunden | E3: Beschreibung
A4: 46083 | B4: 0.5 | C4: 0.66666667 | D4: =(C4-B4)*24 -> 4 | E4: Authentication basics
A5: 46087 | B5: 0.5 | C5: 0.66666667 | D5: =(C5-B5)*24 -> 4 | E5: Nav bar styling, Account service, homepage(Registerform)
A6: 46089 | B6: 0.41666667 | C6: 0.54166667 | D6: =(C6-B6)*24 -> 3 | E6: Parent to child communication und umgekehrt, Register component an API schließen, Routing Funktionalität hinzugefügt, Toast Meldung hinzugefügt
A7: 46092 | B7: 0.375 | C7: 0.52083333 | D7: =(C7-B7)*24 -> 3.5 | E7: Section 6: Route guard, app initialization, route Animations hinzugefügt. Section 7: complete
A8: 46093 | B8: 0.47916667 | C8: 0.64583333 | D8: =(C8-B8)*24 -> 4 | E8: Section 8: Entity Framework Relationships, EF Conventions, Seeding Data, Repository Pattern, Shaping Data (z.B. JsonIgnore)
A9: 46096 | B9: 0.41666667 | C9: 0.60416667 | D9: =(C9-B9)*24 -> 4.5 | E9: Section 9: Fetching list members (AsyncPipe), Interceptor für Token, Member Detailed Page, Child Components, Route Resolver
A10: 46104 | B10: 0.5625 | C10: 0.6875 | D10: =(C10-B10)*24 -> 3
A11: 46107 | B11: 0.45833333 | C11: 0.54166667 | D11: =(C11-B11)*24 -> 2 | E11: Abschnitt 10: Updating resources
A12: 46107 | B12: 0.64583333 | C12: 0.70833333 | D12: =(C12-B12)*24 -> 1.5 | E12: Adding an extension method for the ClaimsPrincipal
A13: 46108 | B13: 0.41666667 | C13: 0.625 | D13: =(C13-B13)*24 -> 5 | E13: Updating the member in the client app → setting the main image on the client
A14: 46110 | B14: 0.47916667 | C14: 0.66666667 | D14: =(C14-B14)*24 -> 4.5 | E14: Challenge + end of section 11
A15: 46114 | B15: 0.54166667 | C15: 0.70833333 | D15: =(C15-B15)*24 -> 4 | E15: Abschnitt 12: → client side register
A16: 46116 | B16: 0.58333333 | C16: 0.75 | D16: =(C16-B16)*24 -> 4 | E16: Challenge → Section 13: Adding filtering to the API
A17: 46117 | B17: 0.47916667 | C17: 0.64583333 | D17: =(C17-B17)*24 -> 4 | E17: Adding additional filters → Adding filters to the modal
A18: 46122 | B18: 0.77083333 | C18: 0.91666667 | D18: =(C18-B18)*24 -> 3.5 | E18: Adding sorting to the API → Persisting the filters
A19: 46123 | B19: 0.58333333 | C19: 0.75 | D19: =(C19-B19)*24 -> 4 | E19: Restoring the caching → Adding the Likes controller
A20: 46124 | B20: 0.54166667 | C20: 0.75 | D20: =(C20-B20)*24 -> 5 | E20: Adding a service for likes → Hover-Probleme gelöst → Pagination challenge
D21: =IF(AND(B21<>"",C21<>""),(C21-B21)*24,"")
D22: =IF(AND(B22<>"",C22<>""),(C22-B22)*24,"")
D23: =IF(AND(B23<>"",C23<>""),(C23-B23)*24,"")
D24: =IF(AND(B24<>"",C24<>""),(C24-B24)*24,"")
D25: =IF(AND(B25<>"",C25<>""),(C25-B25)*24,"")
D26: =IF(AND(B26<>"",C26<>""),(C26-B26)*24,"")
D27: =IF(AND(B27<>"",C27<>""),(C27-B27)*24,"")
D28: =IF(AND(B28<>"",C28<>""),(C28-B28)*24,"")
D29: =IF(AND(B29<>"",C29<>""),(C29-B29)*24,"")
D30: =IF(AND(B30<>"",C30<>""),(C30-B30)*24,"")
D31: =IF(AND(B31<>"",C31<>""),(C31-B31)*24,"")
D32: =IF(AND(B32<>"",C32<>""),(C32-B32)*24,"")
... D200: =IF(AND(B200<>"",C200<>""),(C200-B200)*24,"")

Sheet Dashboard
B1: 📊 Dashboard
B4: GESAMTSTUNDEN | D4: DURCHSCHNITT | F4: SESSIONS
B5: =SUM(Lernzeiten!D4:D200) -> 63.5 | D5: =IF(F5>0,B5/F5,0) -> 3.7352941 | F5: =COUNTA(Lernzeiten!A4:A200) -> 17
B6: Stunden insgesamt | D6: Stunden pro Session | F6: Einträge erfasst
B9: LÄNGSTE SESSION | D9: KÜRZESTE SESSION | F9: ZEITRAUM
B10: =MAX(Lernzeiten!D4:D200) -> 5 | D10: =_xlfn.MINIFS(Lernzeiten!D4:D200,Lernzeiten!D4:D200,">0") -> 1.5 | F10: =TEXT(MIN(Lernzeiten!A4:A200),"TT.MM.JJ")&" – "&TEXT(MAX(Lernzeiten!A4:A200),"TT.MM.JJ") -> 02.03.26 – 12.04.26
B11: Maximum | D11: Minimum | F11: Erster bis letzter Eintrag
